Sequence,log(IC50_relative),IC50(nM),label,binary_label
PLAKAAAAV,8.37,1726254.425,0.068945703,0
PANQPINES,7.888,1066043.348,0.100193782,0
YNVAPLSND,7.888,1066043.348,0.100193782,0
APAAAAAAK,7.684,869318.2364,0.11341911,0
VLQAGFFLL,7.586,788166.426,0.119772453,0
AAASAAAAS,7.502000000000001,724664.8471,0.12521817699999999,0
KPRSSHPFD,7.447,685884.515,0.12878382900000002,0
YVFAAGPPD,7.447,685884.515,0.12878382900000002,0
FLAKKPEDK,7.417999999999999,666279.5106,0.1306639,0
DPTKSSITK,7.313,599867.7823,0.137471054,0
ALAAAAAAE,7.251,563805.4629,0.14149051599999998,0
VAFAITTKE,7.195,533100.1302,0.145120998,0
SSKKYKVKS,7.17,519937.8411,0.146741749,0
APAKAAAAV,7.147,508115.74600000004,0.14823284,0
HLIDYLVTS,7.09,479963.1202,0.15192815199999998,0
IIGTDNSVV,7.09,479963.1202,0.15192815199999998,0
SKSVAETQE,7.061,466244.0773,0.153808224,0
YDSMLAIRG,7.061,466244.0773,0.153808224,0
LSLQIQTLS,7.061,466244.0773,0.153808224,0
PHIKTHTMK,7.061,466244.0773,0.153808224,0
PDIYPANLS,7.041,457011.826,0.155104824,0
PTAWRSEMN,7.041,457011.826,0.155104824,0
ARAAAAAAE,7.034,453823.914,0.155558635,0
DIDFLIEEI,6.9079999999999995,400097.9004,0.163727219,0
GMAALPRLI,6.9079999999999995,400097.9004,0.163727219,0
QLDPARDVL,6.9079999999999995,400097.9004,0.163727219,0
SLKKGAAAL,6.9079999999999995,400097.9004,0.163727219,0
GLMQNCNQM,6.9079999999999995,400097.9004,0.163727219,0
EIERLGQDL,6.9079999999999995,400097.9004,0.163727219,0
FLIEEIERL,6.9079999999999995,400097.9004,0.163727219,0
RLSKVAPVI,6.9079999999999995,400097.9004,0.163727219,0
CLCCLLTMV,6.856,379824.4864,0.167098381,0
YLEPGPVTA,6.856,379824.4864,0.167098381,0
KYAGSDKGQ,6.827999999999999,369336.912,0.168913623,0
EIEVLAKSR,6.8020000000000005,359857.9133,0.17059920399999998,0
FYEFHNSGT,6.774,349921.6485,0.172414445,0
FLFPYGNPS,6.752999999999999,342649.9144,0.173775875,0
PDVWVTVLF,6.685,320124.2713,0.178184318,0
ILRGSVAHK,6.62,299978.0388,0.18239827,0
PSVSQVLKS,6.62,299978.0388,0.18239827,0
QLFHLCLII,6.489,263146.0676,0.190891005,0
FKGSLTGNM,6.461,255880.1749,0.192706247,0
HLESLFTAV,6.397,240016.8833,0.19685536899999997,0
RPKSNIVLL,6.388999999999999,238104.4084,0.197374009,0
ELDTISTPQ,6.327999999999999,224014.1609,0.201328642,0
ISDKVVYVD,6.31,220017.9795,0.20249558199999998,0
GMRMLLGGN,6.279,213302.0568,0.204505314,0
DPALDSEVD,6.254,208035.6102,0.206126065,0
AAASAAAAD,6.251,207412.4386,0.206320555,0
GRQKGAGSV,6.215,200078.3957,0.20865443600000003,0
GEVDVEQHT,6.215,200078.3957,0.20865443600000003,0
AGAAAAAAK,6.215,200078.3957,0.20865443600000003,0
WLSLLVPFV,6.212999999999999,199678.6388,0.208784096,0
TITHKEKIK,6.144,186365.401,0.21325736899999997,0
KPGQAGGEA,6.144,186365.401,0.21325736899999997,0
QPEYSNKSY,6.144,186365.401,0.21325736899999997,0
GLYSSTAPI,6.121,182127.9147,0.21474846,0
RLLQETELV,6.0889999999999995,176392.0841,0.216823021,0
FGDPRQSFR,6.059,171178.9102,0.218767922,0
GEILDVFDA,5.9910000000000005,159925.6897,0.223176365,0
AAASAAAAG,5.971,156758.9489,0.224472965,0
WILRGTSFV,5.968999999999999,156445.7443,0.224602625,0
FLTKQYLNL,5.956,154425.1122,0.225445416,0
FLCKQYLNL,5.9239999999999995,149561.7376,0.22751997699999998,0
VAIGWLSIE,5.837999999999999,137236.9876,0.23309536,0
ILKEPVHGV,5.824,135329.0565,0.23400298100000003,0
FLAKAAAAV,5.757999999999999,126685.7066,0.238281763,0
KADDDKPGA,5.752999999999999,126053.859,0.23860591399999997,0
LALLIDKMT,5.752999999999999,126053.859,0.23860591399999997,0
YPLTFGWCY,5.7170000000000005,121596.6316,0.240939795,0
FIDVRLSPA,5.704,120026.1059,0.24178258600000002,0
DSDDKYKAV,5.704,120026.1059,0.24178258600000002,0
YMLAEQLDR,5.656000000000001,114400.9368,0.244894427,0
SFNCGSEFF,5.635,112023.5669,0.246255858,0
YGKIRDLIV,5.617000000000001,110025.1821,0.247422799,0
PLEEELPRL,5.595,107631.06,0.24884906,0
GEFGGFGSV,5.501,97974.69863,0.254943083,0
TNEHQEPVS,5.497000000000001,97583.58258999999,0.255202403,0
KIKKKDSVS,5.481,96034.66962,0.25623968399999997,0
IVTDFSVIK,5.481,96034.66962,0.25623968399999997,0
GRPPQKGSL,5.297999999999999,79974.6147,0.26810358100000004,0
LIVSATQPA,5.297999999999999,79974.6147,0.26810358100000004,0
PLPIHTAEL,5.297999999999999,79974.6147,0.26810358100000004,0
ILSPFLPLL,5.284,78862.77116,0.269011202,0
FADAYKIYD,5.193,72003.1068,0.274910735,0
FVYFDIVIF,5.193,72003.1068,0.274910735,0
KPIVQYDNF,5.193,72003.1068,0.274910735,0
SLYADSPSV,5.13,67606.84722000001,0.27899502800000003,0
DLMGYIPLV,5.075,63988.876789999995,0.28256068,0
ELAEYLYNI,5.075,63988.876789999995,0.28256068,0
LLMMIANES,5.075,63988.876789999995,0.28256068,0
HLYQGCQVV,5.069,63606.093029999996,0.28294966,0
ALEKAAAAV,5.069,63606.093029999996,0.28294966,0
KNVRGHSKN,5.056,62784.56532,0.28379245,0
KLAKAAAAV,5.052,62533.92867,0.284051771,0
KRAAAAAAA,5.024,60807.26477,0.285867012,0
RGQVRVNRH,5.011,60021.88635,0.286709802,0
ALAAAAAAQ,4.971,57668.39452,0.289303004,0
AGDRTFQKW,4.942,56020.027910000004,0.291183075,0
ALAKAAAAN,4.887,53022.124410000004,0.294748727,0
EIAPVFVLL,4.875,52389.66128,0.295526687,0
PKLEASNRY,4.868,52024.214210000006,0.295980498,0
FISVKIDFV,4.868,52024.214210000006,0.295980498,0
RLRPGGKKH,4.868,52024.214210000006,0.295980498,0
DYDASYDKD,4.868,52024.214210000006,0.295980498,0
LTRQALPDQ,4.86,51609.68084,0.296499138,0
SRSAKFVAK,4.84,50587.74069,0.297795739,0
YLLPAIVHI,4.787,47976.40215,0.301231731,0
VLAKAAAAV,4.784,47832.68862,0.301426221,0
KLIRDAAEL,4.736000000000001,45590.95165,0.304538063,0
AAAAAAAAA,4.727,45182.47399,0.305121533,0
ALAVAAAAV,4.6930000000000005,43672.09187,0.307325754,0
KWDDRIGPQ,4.605,39993.193139999996,0.313030798,0
KAGQVVTIW,4.605,39993.193139999996,0.313030798,0
YQKALSVPK,4.605,39993.193139999996,0.313030798,0
HEAAAVHGD,4.564,38386.63178,0.315688829,0
YYEEQHPEL,4.553999999999999,38004.67841,0.31633713,0
RTQNVLGEK,4.5,36006.85252,0.319837952,0
ALAAAAAAA,4.4639999999999995,34733.66078,0.322171833,0
SQSDNYKLQ,4.454,34388.05508,0.322820133,0
RSQLNLLIA,4.454,34388.05508,0.322820133,0
ESGPSIVHR,4.4430000000000005,34011.85935,0.323533264,0
ANAKAAAAV,4.442,33977.86449,0.323598094,0
ALSKAAAAV,4.4030000000000005,32678.235269999997,0.326126465,0
NLNNLNVSI,4.382,31999.1477,0.327487896,0
IISCTCPTV,4.357,31209.08593,0.329108647,0
VDRSNKRGR,4.357,31209.08593,0.329108647,0
ALKKAAAAV,4.343999999999999,30805.99359,0.329951438,0
TRQSYATSG,4.317,29985.36017,0.331701849,0
VLGGSRHKL,4.29,29186.5874,0.33345226,0
EDLRVLSFI,4.248,27986.136660000004,0.336175121,0
ALAAAAAAK,4.248,27986.136660000004,0.336175121,0
PAASAAAAY,4.1930000000000005,26488.46269,0.339740773,0
ALAKAAAGV,4.189,26382.72047,0.340000094,0
FKDYSDKKA,4.1739999999999995,25989.932930000003,0.340972544,0
FKIFKIFSD,4.1739999999999995,25989.932930000003,0.340972544,0
KAKFDIDYK,4.1739999999999995,25989.932930000003,0.340972544,0
IKKVYYSDI,4.1739999999999995,25989.932930000003,0.340972544,0
ALAKEAAAV,4.165,25757.07298,0.34155601399999996,0
AAASAAAAQ,4.147,25297.59339,0.342722955,0
APAKAAAAF,4.138,25070.936530000003,0.343306426,0
KSADSKSAA,4.093999999999999,23991.73193,0.34615894700000005,0
SRSAFFKAK,4.093999999999999,23991.73193,0.34615894700000005,0
ALAKGAAAV,4.034,22594.56223,0.35004875,0
AYAAAAAAK,4.0280000000000005,22459.40075,0.35043773,0
GKSVLIRDL,4.025,22392.123509999998,0.35063222,0
IVKDDAYSK,4.007,21992.67115,0.351799161,0
AAASAAAAE,4.007,21992.67115,0.351799161,0
SDIKDYYYI,4.007,21992.67115,0.351799161,0
APASAAAAY,3.992,21665.24293,0.35277161100000004,0
ALAKAAAAV,3.984,21492.61243,0.353290251,0
ALAPAAAAV,3.9619999999999997,21024.93823,0.35471651200000004,0
IEQGSKERK,3.912,19999.5399,0.357958014,0
LTLINRNRS,3.912,19999.5399,0.357958014,0
ALADAAAAV,3.8360000000000003,18535.8977,0.36288509700000005,0
AIAAAAAAK,3.8289999999999997,18406.59949,0.36333890700000004,0
VMNILLQYM,3.784,17596.66276,0.366256259,0
ALAKAAAEV,3.738,16805.551330000002,0.36923844100000003,0
AAASAAAAH,3.702,16211.311969999999,0.371572322,0
YFVVSIISK,3.6889999999999996,16001.92885,0.37241511299999996,0
GFYPGSIEV,3.6889999999999996,16001.92885,0.37241511299999996,0
DVFRDPALK,3.6889999999999996,16001.92885,0.37241511299999996,0
ALAKAAAPV,3.679,15842.707,0.37306341299999995,0
LLLTVLTVV,3.6189999999999998,14920.099569999998,0.376953215,0
AAASAAAAA,3.6,14639.293780000002,0.378184986,0
CLFKDWEEL,3.592,14522.64664,0.378703626,0
KSIIISSVI,3.5839999999999996,14406.92895,0.37922226700000006,0
ALAKAGAAV,3.563,14107.53805,0.38058369799999997,0
VTSPLTVEW,3.555,13995.12799,0.381102338,0
YHEDIHTYL,3.555,13995.12799,0.381102338,0
TLWVDPYEV,3.512,13406.0925,0.38389003,0
YSFQPPDEL,3.497,13206.50179,0.38486248,0
KLHLYSHPI,3.408,12081.9097,0.39063235399999996,0
IAIAKKKKK,3.4010000000000002,11997.63165,0.39108616399999996,0
KKVSIFVYS,3.4010000000000002,11997.63165,0.39108616399999996,0
SPRYIFTML,3.4010000000000002,11997.63165,0.39108616399999996,0
FLWGPRALV,3.367,11596.568879999999,0.393290385,0
LMWAKIGPV,3.346,11355.580170000001,0.394651816,0
DMAAQITQR,3.2960000000000003,10801.76199,0.397893318,0
IVGLNKIVR,3.258,10398.99605,0.400356859,0
AAIAAAIAA,3.258,10398.99605,0.400356859,0
ALAKAAEAV,3.228,10091.65927,0.40230176,0
LLQEYNWEL,3.199,9803.203972,0.404181831,1
DFKSVADSY,3.178,9599.483243,0.405543262,1
AVAAAAAAK,3.178,9599.483243,0.405543262,1
YFDPANGKF,3.178,9599.483243,0.405543262,1
ADAAAAAAY,3.174,9561.162003,0.405802582,1
YLGEFSITY,3.091,8799.626418,0.411183476,1
LVVRPVGKV,3.091,8799.626418,0.411183476,1
SRKAVSFAK,3.091,8799.626418,0.411183476,1
ALAAAAAAR,3.088,8773.267098,0.41137796600000004,1
QAASAAAAY,3.056,8496.966931,0.413452527,1
VRRCPHHER,3.04,8362.097294,0.41448980799999996,1
AYAKAAAAK,3.015,8155.636376,0.416110559,1
NLQSLTNLL,2.9960000000000004,8002.142098,0.417342329,1
ISVIVFKFF,2.9960000000000004,8002.142098,0.417342329,1
ALAKAAPAV,2.9730000000000003,7820.193262000001,0.41883342,1
QVPLRMTYA,2.972,7812.376978,0.41889825,1
AVVASGFQT,2.944,7596.664490000001,0.420713491,1
DAASAAAAY,2.931,7498.546998000001,0.421556282,1
EAASAAAAY,2.931,7498.546998000001,0.421556282,1
ALAKAANAV,2.905,7306.097461,0.423241863,1
SRAHSSHLK,2.9010000000000002,7276.931442,0.42350118299999995,1
RLGLYRPLL,2.8510000000000004,6922.031308,0.426742685,1
GAIDKPILK,2.8510000000000004,6922.031308,0.426742685,1
FKYAVKIVK,2.773,6402.632719,0.431799428,1
YARTNPESF,2.773,6402.632719,0.431799428,1
ALAKARAAV,2.7689999999999997,6377.073340999999,0.432058748,1
ARAAAAAAK,2.738,6182.416832,0.434068479,1
RRTEEENLR,2.734,6157.736558,0.43432779899999996,1
SWTTGWLVV,2.708,5999.698801,0.43601338,1
ASIAGVQSI,2.708,5999.698801,0.43601338,1
SSKPGDGRW,2.708,5999.698801,0.43601338,1
RLVTLKDIV,2.708,5999.698801,0.43601338,1
NIIGTDNSV,2.674,5799.137897,0.43821760200000004,1
RYLKDQQLL,2.639,5599.678963,0.44048665299999995,1
KWDLRRAFH,2.639,5599.678963,0.44048665299999995,1
FAASAAAAY,2.597,5369.362939,0.443209515,1
DSIYLDTAR,2.565,5200.2633479999995,0.44528407600000003,1
ARYNASTEL,2.553,5138.233113,0.446062036,1
ALAKAAAAI,2.54,5071.868388,0.446904827,1
GLSRYVARL,2.532,5031.455309,0.447423467,1
YAASAAAAY,2.5180000000000002,4961.505724000001,0.448331088,1
TNFEIASRM,2.485,4800.448102,0.450470479,1
AAASAAAAP,2.464,4700.6898200000005,0.45183191,1
AAAAAADAY,2.4419999999999997,4598.403914,0.45325817,1
LLSSNLSWL,2.425,4520.891768,0.45436028100000003,1
TILQPSLQI,2.398,4400.460824,0.45611069200000004,1
YIFYKFISK,2.398,4400.460824,0.45611069200000004,1
SRVAVKSAK,2.398,4400.460824,0.45611069200000004,1
RLGLSRPLL,2.3890000000000002,4361.034361999999,0.456694162,1
AFAKAAAAV,2.323,4082.4988659999995,0.460972945,1
ARAAAAAAA,2.303,4001.659972,0.46226954600000003,1
VLHKRTLGL,2.303,4001.659972,0.46226954600000003,1
IALNASFVR,2.251,3798.8913270000003,0.46564070799999996,1
GRERFEMFR,2.1630000000000003,3478.8760520000005,0.47134575100000004,1
KIKESFRKL,2.14,3399.7750520000004,0.47283684200000003,1
FYIDYDSFF,2.079,3198.587379,0.476791474,1
HIKPTSSKY,2.079,3198.587379,0.476791474,1
ALAKAIAAV,2.066,3157.274856,0.477634265,1
WAASAAAAY,2.043,3085.486268,0.479125356,1
KIKSFVKVY,2.015,3000.290952,0.480940597,1
HFWNGDRDL,2.015,3000.290952,0.480940597,1
AADKAAAAY,2.015,3000.290952,0.480940597,1
ALSRKVAEL,2.001,2958.5795399999997,0.481848217,1
LLFGYPVYV,1.946,2800.2515940000003,0.485413869,1
ALAKAAAAR,1.939,2780.7182789999997,0.48586768,1
AAASAAAAM,1.905,2687.7630510000004,0.48807190100000003,1
RRIKEIVKK,1.902,2679.711845,0.488266391,1
RNVWRGFST,1.8869999999999998,2639.816133,0.489238842,1
AAASAAAAV,1.881,2624.024658,0.48962782200000005,1
PRKVSVVSF,1.8719999999999999,2600.514391,0.490211292,1
GQYGNPLNK,1.8719999999999999,2600.514391,0.490211292,1
AAASAAAAK,1.841,2521.135179,0.492221023,1
ALMPLYASI,1.841,2521.135179,0.492221023,1
AFAYYVKIK,1.7919999999999998,2400.577343,0.495397695,1
QQLYWSHPR,1.7919999999999998,2400.577343,0.495397695,1
ERPLIFLRL,1.7919999999999998,2400.577343,0.495397695,1
ALAKAALAV,1.777,2364.837403,0.496370146,1
ALAKAYAAV,1.742,2283.499805,0.49863919700000003,1
ADASAAAAY,1.726,2247.254543,0.499676478,1
AAASAAAAL,1.726,2247.254543,0.499676478,1
AAGSAAAAY,1.7209999999999999,2236.046314,0.500000628,1
GRIDKPILA,1.712,2216.012186,0.5005840979999999,1
QVDLLNILL,1.705,2200.554267,0.501037909,1
ALFKAAAAV,1.686,2159.138432,0.502269679,1
LLGSAANWI,1.6680000000000001,2120.621632,0.50343662,1
KYTSFPWLL,1.649,2080.71018,0.504668391,1
ANASAAAAY,1.633,2047.6837329999998,0.505705671,1
AAASAAAAR,1.629,2039.5093579999998,0.505964992,1
RWGFRDIKQ,1.609,1999.1243670000001,0.507261592,1
TFGVAPSRL,1.609,1999.1243670000001,0.507261592,1
SRVASVFAK,1.609,1999.1243670000001,0.507261592,1
AADSAAAAY,1.515,1819.7684510000001,0.513355616,1
MAASAAAAY,1.5130000000000001,1816.1325510000001,0.513485276,1
ARLFGIRAK,1.504,1799.860691,0.514068746,1
GAVNVVMTF,1.386,1599.529092,0.521718691,1
SRFASFKAK,1.335,1519.9983789999999,0.525025023,1
GAASAAAAY,1.3219999999999998,1500.366285,0.525867813,1
IAASAAAAY,1.3219999999999998,1500.366285,0.525867813,1
RRYNASTEA,1.281,1440.095266,0.528525845,1
ALFKDWEEL,1.253,1400.331883,0.530341086,1
SRDKTIIMW,1.253,1400.331883,0.530341086,1
SVVVASVII,1.253,1400.331883,0.530341086,1
ATEKAAAAY,1.163,1279.8069779999998,0.536175789,1
RTDGKVFQF,1.163,1279.8069779999998,0.536175789,1
KAASAAAAY,1.105,1207.6897880000001,0.539935932,1
AYAKAAAAL,1.105,1207.6897880000001,0.539935932,1
FTFKPIKLP,1.099,1200.465344,0.540324912,1
VSSVLNVSS,1.099,1200.465344,0.540324912,1
RRSKEITVR,1.099,1200.465344,0.540324912,1
SKSFKAAKF,1.099,1200.465344,0.540324912,1
LKFANQVLI,1.065,1160.335594,0.5425291329999999,1
ALAKAAYAV,1.058,1152.241606,0.5429829429999999,1
VAASAAAAY,1.026,1115.95358,0.545057505,1
AAAAAAAYY,1.0190000000000001,1108.169182,0.545511315,1
AAEKAAAAY,0.993,1079.7281189999999,0.547196896,1
RRYNASTDL,0.971,1056.233489,0.5486231570000001,1
KFKAKKYIF,0.9159999999999999,999.7093104,0.552188809,1
AAAADAAAY,0.9159999999999999,999.7093104,0.552188809,1
KTGGPIYKR,0.875,959.5501176000001,0.55484684,1
AAASAADAY,0.8109999999999999,900.0628075999999,0.558995963,1
KTQGPSVFF,0.7879999999999999,879.5976149,0.560487054,1
AHASAAAAY,0.7879999999999999,879.5976149,0.560487054,1
SRFAKKFAK,0.7879999999999999,879.5976149,0.560487054,1
RAYNASTEL,0.77,863.9065015000001,0.5616539939999999,1
AAASAASAY,0.7609999999999999,856.1662265000001,0.562237465,1
ARIAAAIAA,0.742,840.0526321000001,0.563469236,1
KVVNPLFEK,0.693,799.8822642000001,0.5666459070000001,1
ALAKAAAAL,0.688,795.8928348,0.566970058,1
AAASAAGAY,0.6829999999999999,791.9233027,0.567294208,1
ARAAAAIAK,0.642,760.1110546,0.569952239,1
AAASGAAAY,0.637,756.3199848999999,0.57027639,1
KKFKSSKFF,0.588,720.1536177,0.573453061,1
AKAKAAAAF,0.588,720.1536177,0.573453061,1
TYLTSLFRL,0.56,700.2690001,0.575268303,1
RRYNAATEL,0.5539999999999999,696.0799658,0.575657283,1
AANSAAAAY,0.536,683.6626177999999,0.576824223,1
VRVCACPGR,0.531,680.2528363,0.577148374,1
SRFAFVVAK,0.531,680.2528363,0.577148374,1
RKYNASTEL,0.519,672.1385851,0.5779263339999999,1
SAASAAAAY,0.451,627.9525127999999,0.582334777,1
AAESAAAAY,0.445,624.1960783,0.582723757,1
AAAAADAAY,0.425,611.8361679,0.584020358,1
RRYQKSTEA,0.405,599.721,0.5853169579999999,1
RRFNASTEL,0.365,576.2056033,0.58791016,1
SAWAVVWAK,0.336,559.7356099,0.589790231,1
GEHGLIIRV,0.336,559.7356099,0.589790231,1
ALAKAAAAF,0.322,551.9539103999999,0.590697852,1
AEFSAAAAY,0.3,539.943523,0.592124112,1
RRANASTEL,0.231,503.94369580000006,0.596597385,1
AAASAAKAY,0.223,499.9282295,0.597116025,1
ARIDKPILA,0.207,491.99302869999997,0.598153306,1
GRAFVTIGK,0.182,479.84567760000004,0.5997740570000001,1
AAASAAAAW,0.10400000000000001,443.840182,0.6048308000000001,1
AAAAAAADY,0.049,420.0881403,0.608396452,1
AYAKAAAAF,0.03,412.18181360000005,0.609628223,1
HLYSHPIIL,0.0,400.0,0.611573124,1
GRLTKHTKF,0.0,400.0,0.611573124,1
RRIYDLIEL,0.0,400.0,0.611573124,1
AFAKAAAAF,0.0,400.0,0.611573124,1
AAAKAAAAF,0.0,400.0,0.611573124,1
YVSFIKYKY,0.0,400.0,0.611573124,1
RRYNASTEL,0.0,400.0,0.611573124,1
NQKLQFGRY,-0.051,380.1114682,0.614879456,1
AAALAAAAY,-0.073,371.840332,0.616305717,1
AIRLKVFVL,-0.105,360.12980899999997,0.618380278,1
GLFMIDNFY,-0.105,360.12980899999997,0.618380278,1
FRYNGLIHR,-0.105,360.12980899999997,0.618380278,1
AAAAAARAY,-0.128,351.9413517,0.619871369,1
AAASSAAAY,-0.174,336.1187591,0.6228535510000001,1
SRYAWVKAK,-0.18600000000000003,332.109438,0.623631511,1
GLSRPLLRL,-0.198,328.1479413,0.6244094720000001,1
RAYQKSTEL,-0.21100000000000002,323.9096268,0.6252522620000001,1
AAASNAAAY,-0.223,320.04593969999996,0.626030223,1
AADAKAAAY,-0.23600000000000002,315.91226960000006,0.626873013,1
AAASAAAEY,-0.248,312.1439773,0.627650973,1
RRYNASAEL,-0.248,312.1439773,0.627650973,1
AAKSAAAAY,-0.261,308.1123678,0.628493764,1
AAASAATAY,-0.28800000000000003,299.9046369,0.630244175,1
KYFDEHYEY,-0.28800000000000003,299.9046369,0.630244175,1
RRVKEVVKK,-0.28800000000000003,299.9046369,0.630244175,1
AAASASAAY,-0.28800000000000003,299.9046369,0.630244175,1
RAASAAAAY,-0.301,296.0311091,0.631086966,1
KESTLHLVL,-0.35700000000000004,279.9089991,0.634717448,1
AAADAAAAY,-0.35700000000000004,279.9089991,0.634717448,1
AQWIKWVYG,-0.41600000000000004,263.8721082,0.63854242,1
AAASADAAY,-0.446,256.0735088,0.640487321,1
AAASAAQAY,-0.446,256.0735088,0.640487321,1
AYRVEFDKY,-0.462,252.00893599999998,0.641524602,1
AARAAAAAY,-0.478,248.00887880000002,0.6425618820000001,1
AAASAYAAY,-0.511,239.9581534,0.644701274,1
RRLPIFSRL,-0.511,239.9581534,0.644701274,1
NAASAAAAY,-0.545,231.93671329999998,0.646905495,1
AKASAAAAY,-0.545,231.93671329999998,0.646905495,1
AAASKAAAY,-0.545,231.93671329999998,0.646905495,1
AAAEAAAAY,-0.562,228.02711499999998,0.648007605,1
AATSAAAAY,-0.598,219.96414309999997,0.650341487,1
ALMPLYACI,-0.598,219.96414309999997,0.650341487,1
AAASVAAAY,-0.616,216.04020989999998,0.651508428,1
RRYNASTAL,-0.635,211.97419530000002,0.6527401979999999,1
AAASAWAAY,-0.6729999999999999,204.070301,0.65520374,1
AAAAYAAAY,-0.693,200.0294383,0.656500341,1
AAASAANAY,-0.693,200.0294383,0.656500341,1
IISCTCPVT,-0.713,196.06859,0.657796941,1
AAASAAAAF,-0.7340000000000001,191.99408169999998,0.659158372,1
RRYQASTEL,-0.7340000000000001,191.99408169999998,0.659158372,1
AAASAAEAY,-0.7340000000000001,191.99408169999998,0.659158372,1
AAASAVAAY,-0.755,188.0042459,0.660519803,1
ARYQKSTEA,-0.755,188.0042459,0.660519803,1
KVFGPIHER,-0.799,179.9114071,0.663372325,1
AIASAAAAY,-0.821,175.9965772,0.664798585,1
AAASTAAAY,-0.821,175.9965772,0.664798585,1
AAASALAAY,-0.821,175.9965772,0.664798585,1
AVAKAAAAY,-0.821,175.9965772,0.664798585,1
AAASAAAQY,-0.821,175.9965772,0.664798585,1
AAASAAAPY,-0.868,167.91611630000003,0.667845597,1
AAASAFAAY,-0.868,167.91611630000003,0.667845597,1
ARAAAAAAY,-0.868,167.91611630000003,0.667845597,1
AAASAAALY,-0.892,163.93410480000003,0.6694015179999999,1
AYASAAAAY,-0.892,163.93410480000003,0.6694015179999999,1
AARSAAAAY,-0.892,163.93410480000003,0.6694015179999999,1
AAAARAAAY,-0.9159999999999999,160.0465239,0.6709574389999999,1
AAASAAAKY,-0.9159999999999999,160.0465239,0.6709574389999999,1
RRYPDAVYL,-0.9159999999999999,160.0465239,0.6709574389999999,1
ARIAAAIAL,-0.9159999999999999,160.0465239,0.6709574389999999,1
ARIAAAIAR,-0.9159999999999999,160.0465239,0.6709574389999999,1
AAAAAAYAY,-0.9159999999999999,160.0465239,0.6709574389999999,1
AAASAAAHY,-0.9420000000000001,155.93894419999998,0.67264302,1
AAASAMAAY,-0.9420000000000001,155.93894419999998,0.67264302,1
AAASAAAAY,-0.968,151.9367851,0.6743286009999999,1
ATASAAAAY,-0.968,151.9367851,0.6743286009999999,1
AAASAARAY,-0.968,151.9367851,0.6743286009999999,1
AAASAHAAY,-0.968,151.9367851,0.6743286009999999,1
AAANAAAAY,-0.968,151.9367851,0.6743286009999999,1
AAASQAAAY,-1.022,143.94978840000002,0.6778294229999999,1
AAASAAADY,-1.022,143.94978840000002,0.6778294229999999,1
AAASAQAAY,-1.05,139.9750996,0.679644664,1
KKTSLEKRM,-1.05,139.9750996,0.679644664,1
AAASAAAFY,-1.079,135.9741164,0.681524735,1
AAASARAAY,-1.079,135.9741164,0.681524735,1
AAASAAAVY,-1.079,135.9741164,0.681524735,1
AAASAAARY,-1.079,135.9741164,0.681524735,1
AAASAAWAY,-1.079,135.9741164,0.681524735,1
AMASAAAAY,-1.109,131.95547390000002,0.683469636,1
AAASAAHAY,-1.139,128.0556003,0.685414538,1
AAASMAAAY,-1.139,128.0556003,0.685414538,1
AAATAAAAY,-1.171,124.0226918,0.6874890990000001,1
AAAAAAARY,-1.171,124.0226918,0.6874890990000001,1
AAASANAAY,-1.204,119.99673659999999,0.68962849,1
AAASAAANY,-1.238,115.9854262,0.691832711,1
AAHSAAAAY,-1.238,115.9854262,0.691832711,1
AAASAAAIY,-1.238,115.9854262,0.691832711,1
AAASAEAAY,-1.238,115.9854262,0.691832711,1
AAASAALAY,-1.273,111.9961558,0.6941017629999999,1
AAASAGAAY,-1.273,111.9961558,0.6941017629999999,1
AAASAAIAY,-1.3090000000000002,108.03600459999998,0.696435644,1
AAASAAVAY,-1.3090000000000002,108.03600459999998,0.696435644,1
AALSAAAAY,-1.347,104.0076597,0.6988991859999999,1
AAASRAAAY,-1.386,100.02944040000001,0.701427557,1
SRYAWVFAK,-1.386,100.02944040000001,0.701427557,1
AAISAAAAY,-1.386,100.02944040000001,0.701427557,1
AAASAAFAY,-1.386,100.02944040000001,0.701427557,1
SRWAWVKAK,-1.386,100.02944040000001,0.701427557,1
AAASAAMAY,-1.386,100.02944040000001,0.701427557,1
AAASAKAAY,-1.4269999999999998,96.01117079,0.7040855890000001,1
AAASAAAMY,-1.4269999999999998,96.01117079,0.7040855890000001,1
AAYAAAAAY,-1.4269999999999998,96.01117079,0.7040855890000001,1
AAAKAAAAY,-1.4269999999999998,96.01117079,0.7040855890000001,1
AAAYAAAAY,-1.4269999999999998,96.01117079,0.7040855890000001,1
AAASLAAAY,-1.4269999999999998,96.01117079,0.7040855890000001,1
SRYWAIRTR,-1.4269999999999998,96.01117079,0.7040855890000001,1
AQASAAAAY,-1.47,91.97019407,0.70687328,1
KVHDMGFEY,-1.47,91.97019407,0.70687328,1
LYQFSKPGI,-1.47,91.97019407,0.70687328,1
AAAFAAAAY,-1.47,91.97019407,0.70687328,1
ARASAAAAY,-1.514,88.01124119,0.709725802,1
AAASFAAAY,-1.514,88.01124119,0.709725802,1
AAASAAATY,-1.561,83.97041607,0.712772814,1
AVASAAAAY,-1.561,83.97041607,0.712772814,1
AAAAARAAY,-1.561,83.97041607,0.712772814,1
AAMSAAAAY,-1.609,80.03504067,0.715884656,1
AAASPAAAY,-1.609,80.03504067,0.715884656,1
KYFSYIIKY,-1.609,80.03504067,0.715884656,1
NVATLELQF,-1.609,80.03504067,0.715884656,1
AQYEIEMPL,-1.609,80.03504067,0.715884656,1
AAARAAAAY,-1.609,80.03504067,0.715884656,1
AAAPAAAAY,-1.609,80.03504067,0.715884656,1
AEMGKGSFY,-1.609,80.03504067,0.715884656,1
ARFAAAIAK,-1.661,75.97957446,0.7192558179999999,1
AAASAAPEY,-1.715,71.98548829,0.72275664,1
AAAWAAAAY,-1.7719999999999998,67.99706531,0.726451952,1
RRYNASTEF,-1.8330000000000002,63.97321928,0.730406584,1
AAASAAASY,-1.8969999999999998,60.00719953,0.7345557070000001,1
AAASAIAAY,-1.8969999999999998,60.00719953,0.7345557070000001,1
AAASAAAGY,-1.966,56.00632031,0.7390289790000001,1
AAASAAYAY,-2.12,48.012651399999996,0.749012805,1
IRKPYIWEY,-2.303,39.98340716,0.760876702,1
AAFSAAAAY,-2.303,39.98340716,0.760876702,1
RRRWRRLTV,-2.303,39.98340716,0.760876702,1
KRGILTLKY,-2.303,39.98340716,0.760876702,1
AWASAAAAY,-2.303,39.98340716,0.760876702,1
VIYTIPWRF,-2.408,35.99804196,0.7676838559999999,1
AAASAAPAY,-2.659,28.00728198,0.783956196,1
RGYRPRFRR,-2.9960000000000004,19.99464619,0.805803919,1
AAYSAAAAY,-3.219,15.99801332,0.820261017,1
KRFSFKKSF,-3.5069999999999997,11.99469594,0.838932068,1
KRYKSIVKY,-3.5069999999999997,11.99469594,0.838932068,1
NKADVILKY,-4.605,4.000680802,0.91011545,1
RRFGDKLNF,-4.605,4.000680802,0.91011545,1
